System_Timestamp,	GPS_Timestamp	Latitude,	Longitude,	Altitude
15:30:35.80,	04:58:34,	-34.611761,	148.255543833,	29843.1
15:30:36.80,	04:58:35,	-34.6117876667,	148.255559667,	29850.8
15:30:37.80,	04:58:36,	-34.611802,	148.2555525,	29857.6
15:30:38.80,	04:58:37,	-34.6118041667,	148.255522,	29864.0
15:30:39.80,	04:58:38,	-34.6118033333,	148.2554715,	29870.8
15:30:40.80,	04:58:39,	-34.6118143333,	148.2554135,	29878.2
15:30:41.80,	04:58:40,	-34.6118496667,	148.255357833,	29886.1
15:30:42.80,	04:58:41,	-34.611912,	148.2553095,	29893.3
15:30:43.80,	04:58:42,	-34.611997,	148.255271167,	29899.9
15:30:44.80,	04:58:43,	-34.6120915,	148.255248667,	29906.1
15:30:45.80,	04:58:44,	-34.6121781667,	148.255240333,	29912.9
15:30:46.80,	04:58:45,	-34.6122483333,	148.255248,	29920.0
15:30:47.80,	04:58:46,	-34.6122993333,	148.255263667,	29927.5
15:30:48.80,	04:58:47,	-34.6123345,	148.255281167,	29934.5
15:30:49.81,	04:58:48,	-34.6123573333,	148.2552985,	29941.0
15:30:50.80,	04:58:49,	-34.6123753333,	148.255311833,	29947.5
15:30:51.80,	04:58:50,	-34.6123956667,	148.255321167,	29954.5
15:30:52.80,	04:58:51,	-34.6124246667,	148.255328,	29962.4
15:30:53.80,	04:58:52,	-34.6124666667,	148.255330333,	29970.8
15:30:54.81,	04:58:53,	-34.6125248333,	148.25532,	29978.4
15:30:55.80,	04:58:54,	-34.612599,	148.2552935,	29985.0
15:30:56.80,	04:58:55,	-34.6126831667,	148.255253167,	29991.3
15:30:57.80,	04:58:56,	-34.6127626667,	148.255209833,	29998.5
15:30:58.80,	04:58:57,	-34.6128201667,	148.255175,	30006.4
15:30:59.80,	04:58:58,	-34.6128515,	148.255150333,	30014.2
15:31:00.80,	04:58:59,	-34.6128615,	148.255130167,	30021.1
15:31:01.81,	04:59:00,	-34.6128583333,	148.2551175,	30027.7
15:31:02.80,	04:59:01,	-34.6128526667,	148.255111667,	30034.5
15:31:03.80,	04:59:02,	-34.6128555,	148.255111167,	30041.0
15:31:04.80,	04:59:03,	-34.6128693333,	148.2551165,	30048.4
15:31:05.80,	04:59:04,	-34.612891,	148.2551255,	30055.9
15:31:06.80,	04:59:05,	-34.6129226667,	148.255139333,	30063.3
15:31:07.80,	04:59:06,	-34.6129681667,	148.255155,	30070.0
15:31:08.80,	04:59:07,	-34.6130298333,	148.255171667,	30076.0
15:31:09.80,	04:59:08,	-34.6131053333,	148.255181,	30082.6
15:31:10.80,	04:59:09,	-34.613174,	148.255184833,	30089.8
15:31:11.80,	04:59:10,	-34.6132211667,	148.255187167,	30098.1
15:31:12.80,	04:59:11,	-34.613239,	148.2551935,	30106.3
15:31:13.80,	04:59:12,	-34.6132363333,	148.255207,	30113.9
15:31:14.80,	04:59:13,	-34.6132181667,	148.255220333,	30120.5
15:31:15.80,	04:59:14,	-34.6131895,	148.255229167,	30126.6
15:31:16.80,	04:59:15,	-34.6131601667,	148.255233167,	30133.2
15:31:17.80,	04:59:16,	-34.6131431667,	148.255238667,	30140.8
15:31:18.80,	04:59:17,	-34.6131453333,	148.2552535,	30148.7
15:31:19.80,	04:59:18,	-34.6131701667,	148.255273,	30155.5
15:31:20.80,	04:59:19,	-34.6132188333,	148.2552875,	30162.0
15:31:21.80,	04:59:20,	-34.613279,	148.2552925,	30169.2
15:31:22.80,	04:59:21,	-34.6133296667,	148.255289333,	30176.6
15:31:23.80,	04:59:22,	-34.6133483333,	148.255287833,	30184.2
15:31:24.80,	04:59:23,	-34.6133366667,	148.255292167,	30190.9
15:31:25.80,	04:59:24,	-34.6133025,	148.255305,	30196.7
15:31:26.80,	04:59:25,	-34.6132576667,	148.255321667,	30202.9
15:31:27.80,	04:59:26,	-34.6132231667,	148.255319333,	30209.6
15:31:28.80,	04:59:27,	-34.613217,	148.255293333,	30217.6
15:31:29.80,	04:59:28,	-34.6132323333,	148.255255667,	30224.8
15:31:30.80,	04:59:29,	-34.613266,	148.255217167,	30231.8
15:31:31.80,	04:59:30,	-34.6133076667,	148.255180833,	30239.1
15:31:32.80,	04:59:31,	-34.6133438333,	148.255147667,	30246.6
15:31:33.80,	04:59:32,	-34.6133645,	148.255126833,	30254.7
15:31:34.80,	04:59:33,	-34.6133651667,	148.255118167,	30262.8
15:31:35.80,	04:59:34,	-34.6133468333,	148.2551245,	30269.3
15:31:36.80,	04:59:35,	-34.6133138333,	148.255147167,	30275.7
15:31:37.80,	04:59:36,	-34.6132833333,	148.255180833,	30282.9
15:31:38.80,	04:59:37,	-34.6132743333,	148.255209167,	30291.0
15:31:39.80,	04:59:38,	-34.613288,	148.255222,	30299.2
15:31:40.80,	04:59:39,	-34.613317,	148.255214167,	30306.2
15:31:41.80,	04:59:40,	-34.6133583333,	148.255188,	30312.6
15:31:42.80,	04:59:41,	-34.613401,	148.255155333,	30319.1
15:31:43.80,	04:59:42,	-34.613437,	148.255129333,	30326.6
15:31:44.80,	04:59:43,	-34.6134595,	148.2551195,	30334.3
15:31:45.80,	04:59:44,	-34.6134648333,	148.255118333,	30342.1
15:31:46.80,	04:59:45,	-34.6134536667,	148.255119333,	30349.9
15:31:47.80,	04:59:46,	-34.6134255,	148.255121333,	30356.4
15:31:48.80,	04:59:47,	-34.6133828333,	148.255128333,	30362.9
15:31:49.80,	04:59:48,	-34.613335,	148.255145,	30369.7
15:31:50.80,	04:59:49,	-34.6133003333,	148.255165833,	30377.3
15:31:51.80,	04:59:50,	-34.6132883333,	148.2551795,	30385.6
15:31:52.80,	04:59:51,	-34.6132978333,	148.255181833,	30393.2
15:31:53.80,	04:59:52,	-34.6133273333,	148.255170833,	30399.4
15:31:54.79,	04:59:53,	-34.6133716667,	148.255158833,	30406.3
15:31:55.80,	04:59:54,	-34.6134141667,	148.255151333,	30414.2
15:31:56.80,	04:59:55,	-34.6134335,	148.255152,	30422.8
15:31:57.80,	04:59:56,	-34.6134211667,	148.255151833,	30430.5
15:31:58.80,	04:59:57,	-34.613384,	148.255142667,	30437.1
15:31:59.80,	04:59:58,	-34.6133378333,	148.2551165,	30444.1
15:32:00.80,	04:59:59,	-34.613305,	148.255082667,	30451.7
15:32:01.80,	05:00:00,	-34.6132995,	148.255051167,	30459.3
15:32:02.79,	05:00:01,	-34.6133208333,	148.255027833,	30466.6
15:32:03.80,	05:00:02,	-34.6133596667,	148.255010333,	30473.4
15:32:04.80,	05:00:03,	-34.6134055,	148.254994833,	30479.6
15:32:05.80,	05:00:04,	-34.6134545,	148.254983833,	30485.9
15:32:06.79,	05:00:05,	-34.6134981667,	148.254977167,	30492.6
15:32:07.80,	05:00:06,	-34.6135323333,	148.254973,	30499.7
15:32:08.80,	05:00:07,	-34.6135543333,	148.254971,	30507.5
15:32:09.81,	05:00:08,	-34.6135716667,	148.254974,	30515.9
15:32:10.79,	05:00:09,	-34.61357,	148.254985333,	30522.9
15:32:11.80,	05:00:10,	-34.6135518333,	148.255008833,	30528.8
15:32:12.80,	05:00:11,	-34.613519,	148.255034,	30535.0
15:32:13.80,	05:00:12,	-34.6134798333,	148.255044833,	30542.0
15:32:14.80,	05:00:13,	-34.6134555,	148.255038,	30550.3
15:32:15.80,	05:00:14,	-34.6134518333,	148.255024,	30558.9
15:32:16.80,	05:00:15,	-34.6134688333,	148.255017333,	30567.1
15:32:17.80,	05:00:16,	-34.6134981667,	148.255012167,	30573.9
15:32:18.80,	05:00:17,	-34.6135358333,	148.255003167,	30580.4
15:32:19.80,	05:00:18,	-34.6135708333,	148.254985667,	30588.0
15:32:20.80,	05:00:19,	-34.6135908333,	148.254958,	30596.1
15:32:21.80,	05:00:20,	-34.6135893333,	148.254931,	30603.6
15:32:22.80,	05:00:21,	-34.6135653333,	148.254907167,	30610.4
15:32:23.80,	05:00:22,	-34.6135173333,	148.2548945,	30617.6
15:32:24.80,	05:00:23,	-34.6134723333,	148.254883333,	30626.5
15:32:25.80,	05:00:24,	-34.6134538333,	148.2548635,	30634.6
15:32:26.80,	05:00:25,	-34.6134611667,	148.254838,	30640.0
15:32:27.80,	05:00:26,	-34.6135046667,	148.254817833,	30646.0
15:32:28.80,	05:00:27,	-34.6135688333,	148.2548085,	30654.2
15:32:29.80,	05:00:28,	-34.6136206667,	148.2548035,	30662.9
15:32:30.80,	05:00:29,	-34.6136365,	148.254799,	30671.3
15:32:31.80,	05:00:30,	-34.6136201667,	148.254794333,	30678.7
15:32:32.80,	05:00:31,	-34.6135843333,	148.254782667,	30685.2
15:32:33.80,	05:00:32,	-34.6135546667,	148.254772,	30692.5
15:32:34.80,	05:00:33,	-34.613542,	148.254761,	30700.3
15:32:35.80,	05:00:34,	-34.613553,	148.2547505,	30708.3
15:32:36.80,	05:00:35,	-34.6135891667,	148.254739,	30715.9
15:32:37.80,	05:00:36,	-34.6136465,	148.254723167,	30722.6
15:32:38.80,	05:00:37,	-34.6137155,	148.254703,	30729.6
15:32:39.80,	05:00:38,	-34.6137796667,	148.2546795,	30737.4
15:32:40.80,	05:00:39,	-34.6138263333,	148.254657667,	30746.0
15:32:41.80,	05:00:40,	-34.6138468333,	148.254638833,	30754.2
15:32:42.80,	05:00:41,	-34.6138416667,	148.254625333,	30761.0
15:32:43.79,	05:00:42,	-34.6138193333,	148.254621,	30767.6
15:32:44.80,	05:00:43,	-34.613798,	148.2546215,	30775.1
15:32:45.80,	05:00:44,	-34.613796,	148.254619833,	30782.8
15:32:46.80,	05:00:45,	-34.6138178333,	148.2546115,	30790.6
15:32:47.80,	05:00:46,	-34.6138558333,	148.254594333,	30797.9
15:32:48.80,	05:00:47,	-34.6139098333,	148.2545755,	30804.3
15:32:49.80,	05:00:48,	-34.6139788333,	148.254554833,	30810.7
15:32:50.80,	05:00:49,	-34.6140496667,	148.2545275,	30817.7
15:32:51.80,	05:00:50,	-34.614108,	148.254490167,	30825.5
15:32:52.80,	05:00:51,	-34.6141448333,	148.2544455,	30833.3
15:32:53.80,	05:00:52,	-34.614155,	148.254398667,	30841.0
15:32:54.80,	05:00:53,	-34.6141501667,	148.254360833,	30848.1
15:32:55.80,	05:00:54,	-34.6141378333,	148.254346,	30855.1
15:32:56.80,	05:00:55,	-34.6141295,	148.2543535,	30862.2
15:32:57.80,	05:00:56,	-34.6141366667,	148.254364333,	30869.8
15:32:58.80,	05:00:57,	-34.6141638333,	148.254368333,	30877.7
15:32:59.80,	05:00:58,	-34.6142091667,	148.254355,	30885.0
15:33:00.80,	05:00:59,	-34.6142781667,	148.254332,	30891.1
15:33:01.81,	05:01:00,	-34.61436,	148.254302833,	30896.8
15:33:02.80,	05:01:01,	-34.6144416667,	148.254277833,	30903.3
15:33:03.80,	05:01:02,	-34.6145075,	148.254261167,	30910.7
15:33:04.80,	05:01:03,	-34.6145531667,	148.254252833,	30919.0
15:33:05.80,	05:01:04,	-34.614585,	148.2542455,	30926.6
15:33:06.80,	05:01:05,	-34.6146006667,	148.254235333,	30933.6
15:33:07.80,	05:01:06,	-34.6145996667,	148.254222,	30940.0
15:33:08.80,	05:01:07,	-34.614593,	148.254209,	30947.3
15:33:09.80,	05:01:08,	-34.6145948333,	148.254199333,	30955.6
15:33:10.80,	05:01:09,	-34.6146153333,	148.2541955,	30964.0
15:33:11.80,	05:01:10,	-34.6146595,	148.254194667,	30971.4
15:33:12.80,	05:01:11,	-34.6147281667,	148.254190667,	30978.0
15:33:13.80,	05:01:12,	-34.6148041667,	148.254178833,	30984.2
15:33:14.80,	05:01:13,	-34.6148763333,	148.254161667,	30991.3
15:33:15.80,	05:01:14,	-34.6149263333,	148.254146167,	30998.9
15:33:16.80,	05:01:15,	-34.6149523333,	148.254139167,	31006.8
15:33:17.80,	05:01:16,	-34.6149596667,	148.254143333,	31014.1
15:33:18.80,	05:01:17,	-34.6149548333,	148.254156167,	31020.8
15:33:19.80,	05:01:18,	-34.6149408333,	148.254163833,	31027.9
15:33:20.80,	05:01:19,	-34.614927,	148.254159,	31035.1
15:33:21.80,	05:01:20,	-34.6149268333,	148.254135667,	31042.7
15:33:22.80,	05:01:21,	-34.6149431667,	148.254100333,	31050.5
15:33:23.80,	05:01:22,	-34.6149748333,	148.254056833,	31057.8
15:33:24.80,	05:01:23,	-34.6150136667,	148.254006667,	31064.8
15:33:25.80,	05:01:24,	-34.6150551667,	148.2539435,	31071.2
15:33:26.80,	05:01:25,	-34.6150965,	148.2538695,	31077.9
15:33:27.80,	05:01:26,	-34.6151381667,	148.253799833,	31085.3
15:33:28.80,	05:01:27,	-34.615183,	148.2537475,	31093.6
15:33:29.80,	05:01:28,	-34.6152203333,	148.253723,	31101.6
15:33:30.80,	05:01:29,	-34.6152403333,	148.253727,	31108.6
15:33:31.80,	05:01:30,	-34.6152396667,	148.25375,	31114.2
15:33:32.80,	05:01:31,	-34.6152285,	148.253782167,	31120.1
15:33:33.80,	05:01:32,	-34.6152283333,	148.253810333,	31128.1
15:33:34.80,	05:01:33,	-34.6152491667,	148.253818833,	31136.4
15:33:35.80,	05:01:34,	-34.6152853333,	148.253808333,	31145.0
15:33:36.80,	05:01:35,	-34.6153298333,	148.253780167,	31153.1
15:33:37.80,	05:01:36,	-34.6153668333,	148.253734833,	31159.5
15:33:38.80,	05:01:37,	-34.6153985,	148.253677333,	31166.0
15:33:39.80,	05:01:38,	-34.6154293333,	148.25362,	31173.0
15:33:40.80,	05:01:39,	-34.615465,	148.253578167,	31180.6
15:33:41.80,	05:01:40,	-34.6155023333,	148.253554667,	31188.7
15:33:42.80,	05:01:41,	-34.6155348333,	148.253547667,	31197.0
15:33:43.80,	05:01:42,	-34.6155545,	148.2535545,	31204.2
15:33:44.80,	05:01:43,	-34.6155616667,	148.253575167,	31210.4
15:33:45.80,	05:01:44,	-34.6155728333,	148.253612167,	31217.2
15:33:46.80,	05:01:45,	-34.615599,	148.253651833,	31224.3
15:33:47.80,	05:01:46,	-34.6156468333,	148.253679833,	31232.5
15:33:48.80,	05:01:47,	-34.6157013333,	148.2536875,	31241.0
15:33:49.81,	05:01:48,	-34.6157485,	148.253668333,	31248.2
15:33:50.80,	05:01:49,	-34.6157873333,	148.2536255,	31254.3
15:33:51.80,	05:01:50,	-34.615827,	148.253564,	31260.6
15:33:52.80,	05:01:51,	-34.6158746667,	148.253504333,	31267.9
15:33:53.80,	05:01:52,	-34.6159296667,	148.253467167,	31275.5
15:33:54.80,	05:01:53,	-34.6159905,	148.2534575,	31283.9
15:33:55.80,	05:01:54,	-34.6160393333,	148.253466667,	31291.7
15:33:56.80,	05:01:55,	-34.6160818333,	148.2534945,	31298.5
15:33:57.80,	05:01:56,	-34.616114,	148.253534,	31304.7
15:33:58.80,	05:01:57,	-34.6161481667,	148.253578833,	31311.6
15:33:59.80,	05:01:58,	-34.6161955,	148.253614833,	31319.4
15:34:00.80,	05:01:59,	-34.616255,	148.253631,	31328.2
15:34:01.80,	05:02:00,	-34.6163135,	148.253621,	31336.2
15:34:02.80,	05:02:01,	-34.6163616667,	148.2535845,	31343.1
15:34:03.80,	05:02:02,	-34.6163983333,	148.253527833,	31350.2
15:34:04.80,	05:02:03,	-34.6164335,	148.253471,	31358.6
15:34:05.80,	05:02:04,	-34.616478,	148.253441667,	31367.8
15:34:06.80,	05:02:05,	-34.6165323333,	148.2534485,	31376.0
15:34:07.80,	05:02:06,	-34.6165916667,	148.253490333,	31383.1
15:34:08.80,	05:02:07,	-34.6166481667,	148.2535535,	31390.0
15:34:09.80,	05:02:08,	-34.6166991667,	148.2536135,	31397.3
15:34:10.80,	05:02:09,	-34.6167558333,	148.253651833,	31405.4
15:34:11.80,	05:02:10,	-34.6168238333,	148.2536645,	31413.7
15:34:12.80,	05:02:11,	-34.6169071667,	148.253659167,	31421.8
15:34:13.80,	05:02:12,	-34.6170031667,	148.253639833,	31429.0
15:34:14.80,	05:02:13,	-34.6171025,	148.253610333,	31435.4
15:34:15.80,	05:02:14,	-34.617197,	148.253573167,	31441.9
15:34:16.80,	05:02:15,	-34.6172793333,	148.2535335,	31449.2
15:34:17.80,	05:02:16,	-34.6173573333,	148.253505333,	31457.6
15:34:18.80,	05:02:17,	-34.6174318333,	148.253502333,	31465.8
15:34:19.80,	05:02:18,	-34.6175125,	148.2535315,	31473.4
15:34:20.80,	05:02:19,	-34.6175918333,	148.2535835,	31480.0
15:34:21.80,	05:02:20,	-34.617659,	148.253641333,	31487.9
15:34:22.80,	05:02:21,	-34.6177123333,	148.2536855,	31496.9
15:34:23.79,	05:02:22,	-34.6177678333,	148.253699667,	31505.1
15:34:24.80,	05:02:23,	-34.6178368333,	148.253686167,	31512.1
15:34:25.80,	05:02:24,	-34.6179245,	148.253646167,	31519.3
15:34:26.79,	05:02:25,	-34.6180158333,	148.253602,	31527.3
15:34:27.80,	05:02:26,	-34.6180945,	148.2535785,	31535.4
15:34:28.80,	05:02:27,	-34.6181505,	148.253578667,	31543.5
15:34:29.80,	05:02:28,	-34.6181853333,	148.253598667,	31551.3
15:34:30.81,	05:02:29,	-34.6182055,	148.253622833,	31557.9
15:34:31.80,	05:02:30,	-34.6182223333,	148.253651333,	31564.7
15:34:32.80,	05:02:31,	-34.618243,	148.253676667,	31572.3
15:34:33.80,	05:02:32,	-34.6182753333,	148.253691833,	31581.6
15:34:34.80,	05:02:33,	-34.6183225,	148.253689667,	31589.6
15:34:35.80,	05:02:34,	-34.6183805,	148.253666,	31597.3
15:34:36.80,	05:02:35,	-34.618449,	148.253617333,	31603.9
15:34:37.80,	05:02:36,	-34.6185201667,	148.2535525,	31611.1
15:34:38.80,	05:02:37,	-34.6185865,	148.253490833,	31618.6
15:34:39.80,	05:02:38,	-34.618637,	148.2534515,	31627.0
15:34:40.79,	05:02:39,	-34.6186703333,	148.253438833,	31634.7
15:34:41.80,	05:02:40,	-34.6186876667,	148.253449,	31641.5
15:34:42.80,	05:02:41,	-34.6186938333,	148.253468667,	31648.7
15:34:43.80,	05:02:42,	-34.6186991667,	148.253479333,	31656.7
15:34:44.80,	05:02:43,	-34.6187198333,	148.253468,	31665.3
15:34:45.80,	05:02:44,	-34.6187585,	148.2534365,	31673.7
15:34:46.80,	05:02:45,	-34.6188146667,	148.253394833,	31681.6
15:34:47.80,	05:02:46,	-34.6188811667,	148.253347833,	31688.7
15:34:48.80,	05:02:47,	-34.6189506667,	148.2532975,	31695.5
15:34:49.80,	05:02:48,	-34.6190138333,	148.253245,	31702.7
15:34:50.80,	05:02:49,	-34.6190648333,	148.253196667,	31710.5
15:34:51.80,	05:02:50,	-34.6191023333,	148.253156333,	31719.1
15:34:52.80,	05:02:51,	-34.6191261667,	148.253129333,	31727.0
15:34:53.80,	05:02:52,	-34.6191328333,	148.253119833,	31733.7
15:34:54.80,	05:02:53,	-34.6191235,	148.253122667,	31741.0
15:34:55.80,	05:02:54,	-34.6191085,	148.253124667,	31749.8
15:34:56.80,	05:02:55,	-34.61911,	148.253109333,	31758.8
15:34:57.80,	05:02:56,	-34.6191363333,	148.253073333,	31767.2
15:34:58.80,	05:02:57,	-34.6191886667,	148.253019333,	31774.2
15:34:59.80,	05:02:58,	-34.6192581667,	148.252952,	31781.1
15:35:00.81,	05:02:59,	-34.6193231667,	148.252886,	31789.0
15:35:01.80,	05:03:00,	-34.6193608333,	148.252834833,	31797.2
15:35:02.80,	05:03:01,	-34.6193691667,	148.252802833,	31805.4
15:35:03.80,	05:03:02,	-34.6193518333,	148.252789167,	31811.9
15:35:04.80,	05:03:03,	-34.619319,	148.2527865,	31818.4
15:35:05.80,	05:03:04,	-34.6192818333,	148.252787,	31825.6
15:35:06.80,	05:03:05,	-34.6192523333,	148.2527795,	31833.6
15:35:07.80,	05:03:06,	-34.6192395,	148.252759167,	31842.2
15:35:08.80,	05:03:07,	-34.6192451667,	148.252732167,	31850.8
15:35:09.80,	05:03:08,	-34.6192661667,	148.252706167,	31858.5
15:35:10.80,	05:03:09,	-34.6192998333,	148.2526835,	31865.2
15:35:11.80,	05:03:10,	-34.6193391667,	148.252663167,	31872.0
15:35:12.80,	05:03:11,	-34.619371,	148.252641667,	31879.2
15:35:13.80,	05:03:12,	-34.6193843333,	148.252622167,	31886.9
15:35:14.80,	05:03:13,	-34.619379,	148.252610833,	31894.4
15:35:15.80,	05:03:14,	-34.6193541667,	148.252612833,	31901.4
15:35:16.80,	05:03:15,	-34.6193161667,	148.252620333,	31907.7
15:35:17.80,	05:03:16,	-34.6192701667,	148.252622833,	31914.5
15:35:18.80,	05:03:17,	-34.6192261667,	148.252609167,	31921.9
15:35:19.80,	05:03:18,	-34.6192001667,	148.252583333,	31930.3
15:35:20.80,	05:03:19,	-34.6191878333,	148.252551333,	31938.0
15:35:21.79,	05:03:20,	-34.6191875,	148.252510333,	31944.3
15:35:22.79,	05:03:21,	-34.6192058333,	148.252464667,	31951.1
15:35:23.79,	05:03:22,	-34.6192241667,	148.252419,	31958.1
15:35:24.79,	05:03:23,	-34.6192316667,	148.2523715,	31966.5
15:35:25.80,	05:03:24,	-34.619215,	148.252327333,	31974.7
15:35:26.80,	05:03:25,	-34.6191805,	148.252290167,	31982.4
15:35:27.79,	05:03:26,	-34.6191276667,	148.252261,	31988.6
15:35:28.80,	05:03:27,	-34.6190643333,	148.2522465,	31995.5
15:35:29.80,	05:03:28,	-34.6189983333,	148.252239,	32002.4
15:35:30.80,	05:03:29,	-34.6189435,	148.252231,	32009.7
15:35:31.80,	05:03:30,	-34.618899,	148.252216833,	32017.6
15:35:32.80,	05:03:31,	-34.6188635,	148.252201667,	32025.9
15:35:33.80,	05:03:32,	-34.6188373333,	148.252194667,	32033.6
15:35:34.80,	05:03:33,	-34.6188286667,	148.252190667,	32040.4
15:35:35.80,	05:03:34,	-34.6188323333,	148.252186333,	32047.2
15:35:36.80,	05:03:35,	-34.6188345,	148.252168833,	32053.6
15:35:37.80,	05:03:36,	-34.6188293333,	148.252140667,	32060.6
15:35:38.80,	05:03:37,	-34.6188041667,	148.252105,	32069.2
15:35:39.80,	05:03:38,	-34.618761,	148.252067167,	32077.9
15:35:40.80,	05:03:39,	-34.6187053333,	148.252027167,	32085.7
15:35:41.80,	05:03:40,	-34.6186365,	148.251978,	32092.4
15:35:42.80,	05:03:41,	-34.6185528333,	148.251916833,	32099.2
15:35:43.80,	05:03:42,	-34.6184651667,	148.251852167,	32106.2
15:35:44.80,	05:03:43,	-34.6183856667,	148.251791333,	32114.3
15:35:45.80,	05:03:44,	-34.6183263333,	148.251737167,	32122.7
15:35:46.80,	05:03:45,	-34.6182938333,	148.251691833,	32130.1
15:35:47.80,	05:03:46,	-34.6182838333,	148.251648,	32137.3
15:35:48.80,	05:03:47,	-34.618285,	148.251604667,	32145.1
15:35:49.80,	05:03:48,	-34.6182805,	148.251557667,	32153.0
15:35:50.79,	05:03:49,	-34.618254,	148.251506833,	32161.4
15:35:51.80,	05:03:50,	-34.6182061667,	148.251455167,	32169.8
15:35:52.80,	05:03:51,	-34.6181421667,	148.251404,	32178.0
15:35:53.80,	05:03:52,	-34.61807,	148.251360333,	32185.2
15:35:54.80,	05:03:53,	-34.6179958333,	148.251316167,	32192.1
15:35:55.80,	05:03:54,	-34.6179211667,	148.251281833,	32199.0
15:35:56.80,	05:03:55,	-34.6178531667,	148.251256833,	32206.5
15:35:57.80,	05:03:56,	-34.6177968333,	148.251241,	32214.8
15:35:58.80,	05:03:57,	-34.6177586667,	148.251232,	32222.9
15:35:59.80,	05:03:58,	-34.6177406667,	148.251225,	32229.8
15:36:00.80,	05:03:59,	-34.6177395,	148.251217667,	32236.2
15:36:01.80,	05:04:00,	-34.6177415,	148.251206833,	32242.9
15:36:02.80,	05:04:01,	-34.6177303333,	148.251188667,	32250.7
15:36:03.80,	05:04:02,	-34.6176963333,	148.251163167,	32259.2
15:36:04.80,	05:04:03,	-34.6176445,	148.251129,	32267.5
15:36:05.80,	05:04:04,	-34.6175758333,	148.251082833,	32275.1
15:36:06.80,	05:04:05,	-34.6175048333,	148.251016667,	32282.1
15:36:07.80,	05:04:06,	-34.6174363333,	148.250943333,	32289.5
15:36:08.80,	05:04:07,	-34.6173826667,	148.250876,	32297.5
15:36:09.80,	05:04:08,	-34.6173468333,	148.250820833,	32305.6
15:36:10.80,	05:04:09,	-34.6173271667,	148.250775333,	32313.5
15:36:11.80,	05:04:10,	-34.6173215,	148.250731833,	32320.9
15:36:12.79,	05:04:11,	-34.617327,	148.250685667,	32328.0
15:36:13.80,	05:04:12,	-34.617336,	148.250636667,	32335.2
15:36:14.80,	05:04:13,	-34.6173391667,	148.250586667,	32342.8
15:36:15.79,	05:04:14,	-34.61733,	148.250539167,	32350.6
15:36:16.80,	05:04:15,	-34.617313,	148.250490833,	32358.9
15:36:17.80,	05:04:16,	-34.6172908333,	148.250435167,	32367.6
15:36:18.80,	05:04:17,	-34.6172585,	148.250366833,	32376.1
15:36:19.79,	05:04:18,	-34.6172133333,	148.250286667,	32383.1
15:36:20.79,	05:04:19,	-34.617151,	148.250196,	32389.4
15:36:21.80,	05:04:20,	-34.617081,	148.2500975,	32396.6
15:36:22.80,	05:04:21,	-34.6170238333,	148.249989833,	32404.7
15:36:23.80,	05:04:22,	-34.6169923333,	148.249884833,	32414.0
15:36:24.80,	05:04:23,	-34.6169906667,	148.249783833,	32422.6
15:36:25.80,	05:04:24,	-34.6170123333,	148.2496925,	32430.3
15:36:26.80,	05:04:25,	-34.6170426667,	148.249610667,	32437.9
15:36:27.80,	05:04:26,	-34.6170676667,	148.249531167,	32446.1
15:36:28.80,	05:04:27,	-34.6170783333,	148.249444333,	32453.8
15:36:29.80,	05:04:28,	-34.6170778333,	148.2493355,	32461.9
15:36:30.80,	05:04:29,	-34.6170683333,	148.2492105,	32469.5
15:36:31.80,	05:04:30,	-34.6170436667,	148.249077333,	32476.7
15:36:32.80,	05:04:31,	-34.6170021667,	148.248948167,	32483.4
15:36:33.80,	05:04:32,	-34.6169513333,	148.2488295,	32490.4
15:36:34.80,	05:04:33,	-34.6169028333,	148.248730833,	32499.1
15:36:35.80,	05:04:34,	-34.6168733333,	148.248639667,	32507.0
15:36:36.79,	05:04:35,	-34.61687,	148.248549667,	32514.2
15:36:37.80,	05:04:36,	-34.6168876667,	148.2484635,	32520.9
15:36:38.80,	05:04:37,	-34.616919,	148.2483765,	32527.5
15:36:39.80,	05:04:38,	-34.6169448333,	148.24829,	32535.1
15:36:40.80,	05:04:39,	-34.6169468333,	148.2481925,	32543.2
15:36:41.80,	05:04:40,	-34.6169301667,	148.248084333,	32551.8
15:36:42.79,	05:04:41,	-34.6168965,	148.247962,	32559.6
15:36:43.80,	05:04:42,	-34.6168511667,	148.247830333,	32566.9
15:36:44.80,	05:04:43,	-34.6167951667,	148.247692667,	32573.9
15:36:45.80,	05:04:44,	-34.6167403333,	148.247558167,	32581.4
15:36:46.79,	05:04:45,	-34.6166996667,	148.247435,	32589.7
15:36:47.80,	05:04:46,	-34.6166715,	148.247323833,	32598.5
15:36:48.79,	05:04:47,	-34.6166578333,	148.24723,	32607.0
15:36:49.80,	05:04:48,	-34.616654,	148.247155833,	32614.3
15:36:50.80,	05:04:49,	-34.6166553333,	148.247098333,	32621.3
15:36:51.80,	05:04:50,	-34.6166568333,	148.247046,	32628.9
15:36:52.80,	05:04:51,	-34.6166508333,	148.246978667,	32637.4
15:36:53.80,	05:04:52,	-34.616641,	148.2468855,	32646.2
15:36:54.80,	05:04:53,	-34.616629,	148.246762,	32654.1
15:36:55.80,	05:04:54,	-34.6166193333,	148.246617,	32661.7
15:36:56.79,	05:04:55,	-34.6166076667,	148.246460667,	32668.8
15:36:57.79,	05:04:56,	-34.6165986667,	148.246307667,	32677.1
15:36:58.80,	05:04:57,	-34.6165966667,	148.246181667,	32685.5
15:36:59.80,	05:04:58,	-34.6165976667,	148.246079833,	32694.2
15:37:00.80,	05:04:59,	-34.6166033333,	148.245998167,	32702.6
15:37:01.80,	05:05:00,	-34.6166108333,	148.2459285,	32709.7
15:37:02.80,	05:05:01,	-34.6166196667,	148.245870833,	32716.4
15:37:03.80,	05:05:02,	-34.616629,	148.245815333,	32723.7
15:37:04.80,	05:05:03,	-34.6166388333,	148.2457475,	32731.8
15:37:05.80,	05:05:04,	-34.6166533333,	148.245653333,	32740.7
15:37:06.80,	05:05:05,	-34.6166718333,	148.245530333,	32749.4
15:37:07.80,	05:05:06,	-34.6166941667,	148.245376667,	32756.9
15:37:08.80,	05:05:07,	-34.6167176667,	148.2452035,	32764.1
15:37:09.80,	05:05:08,	-34.6167401667,	148.245025833,	32772.3
15:37:10.80,	05:05:09,	-34.6167648333,	148.244862,	32780.8
15:37:11.80,	05:05:10,	-34.6167923333,	148.244721833,	32789.6
15:37:12.80,	05:05:11,	-34.6168185,	148.2446065,	32797.8
15:37:13.80,	05:05:12,	-34.6168388333,	148.244511167,	32804.9
15:37:14.80,	05:05:13,	-34.6168463333,	148.244425167,	32811.6
15:37:15.80,	05:05:14,	-34.6168415,	148.244335167,	32819.3
15:37:16.80,	05:05:15,	-34.6168331667,	148.244227667,	32827.5
15:37:17.79,	05:05:16,	-34.6168351667,	148.244087333,	32836.3
15:37:18.80,	05:05:17,	-34.616852,	148.243923333,	32844.8
15:37:19.80,	05:05:18,	-34.616883,	148.243742167,	32852.8
15:37:20.80,	05:05:19,	-34.6169238333,	148.243551167,	32860.6
15:37:21.80,	05:05:20,	-34.6169655,	148.243358333,	32868.9
15:37:22.80,	05:05:21,	-34.6170063333,	148.243175167,	32877.3
15:37:23.79,	05:05:22,	-34.6170413333,	148.243009833,	32887.0
15:37:24.79,	05:05:23,	-34.6170725,	148.242861833,	32896.1
15:37:25.80,	05:05:24,	-34.617111,	148.242737667,	32904.4
15:37:26.79,	05:05:25,	-34.6171586667,	148.242626333,	32912.6
15:37:27.79,	05:05:26,	-34.6172178333,	148.2425225,	32920.9
15:37:28.79,	05:05:27,	-34.6172801667,	148.242407,	32928.9
15:37:29.80,	05:05:28,	-34.6173445,	148.242265333,	32936.8
15:37:30.80,	05:05:29,	-34.6174088333,	148.242104333,	32944.6
15:37:31.80,	05:05:30,	-34.6174811667,	148.241923833,	32952.2
15:37:32.80,	05:05:31,	-34.6175613333,	148.241731333,	32959.6
15:37:33.80,	05:05:32,	-34.6176431667,	148.241535667,	32966.7
15:37:34.80,	05:05:33,	-34.6177248333,	148.241347333,	32974.6
15:37:35.80,	05:05:34,	-34.6177965,	148.241172167,	32982.4
15:37:36.80,	05:05:35,	-34.617863,	148.2410135,	32991.4
15:37:37.80,	05:05:36,	-34.6179235,	148.240874,	33000.2
15:37:38.80,	05:05:37,	-34.6179826667,	148.240744167,	33007.5
15:37:39.80,	05:05:38,	-34.6180416667,	148.240630167,	33014.2
15:37:40.80,	05:05:39,	-34.618102,	148.240521167,	33021.3
15:37:41.80,	05:05:40,	-34.6181671667,	148.240400833,	33029.7
15:37:42.79,	05:05:41,	-34.6182363333,	148.2402515,	33038.6
15:37:43.80,	05:05:42,	-34.618319,	148.2400805,	33047.1
15:37:44.80,	05:05:43,	-34.6184151667,	148.239892167,	33054.8
15:37:45.80,	05:05:44,	-34.6185201667,	148.239695667,	33062.2
15:37:46.80,	05:05:45,	-34.6186256667,	148.239498167,	33068.6
15:37:47.80,	05:05:46,	-34.6187236667,	148.239310833,	33075.7
15:37:48.80,	05:05:47,	-34.6188128333,	148.239143667,	33083.3
15:37:49.80,	05:05:48,	-34.6188995,	148.2389975,	33091.5
15:37:50.80,	05:05:49,	-34.6189826667,	148.238871333,	33099.4
15:37:51.80,	05:05:50,	-34.619062,	148.2387615,	33106.9
15:37:52.80,	05:05:51,	-34.619131,	148.238666167,	33114.1
15:37:53.80,	05:05:52,	-34.6191846667,	148.238577167,	33121.0
15:37:54.79,	05:05:53,	-34.6192411667,	148.238496333,	33127.3
15:37:55.80,	05:05:54,	-34.6193043333,	148.238412167,	33125.9
15:37:56.79,	05:05:55,	-34.6193681667,	148.238334333,	33112.8
15:37:57.79,	05:05:56,	-34.6194363333,	148.238243833,	33094.5
15:37:58.79,	05:05:57,	-34.619503,	148.238164333,	33067.5
15:37:59.80,	05:05:58,	-34.6195638333,	148.238076667,	33030.7
15:38:00.80,	05:05:59,	-34.6196275,	148.237976,	32986.3
15:38:01.80,	05:06:00,	-34.6196878333,	148.237868,	32933.5
15:38:02.79,	05:06:01,	-34.619739,	148.237764167,	32873.9
15:38:03.80,	05:06:02,	-34.619799,	148.237660333,	32809.8
15:38:04.80,	05:06:03,	-34.6198596667,	148.2375495,	32740.8
15:38:05.79,	05:06:04,	-34.6199061667,	148.237433333,	32670.8
15:38:06.80,	05:06:05,	-34.6199393333,	148.237319,	32597.9
15:38:07.80,	05:06:06,	-34.6199875,	148.2372065,	32520.5
15:38:08.79,	05:06:07,	-34.6200308333,	148.237090333,	32442.6
15:38:09.80,	05:06:08,	-34.6200503333,	148.236984,	32363.5
15:38:10.80,	05:06:09,	-34.6200586667,	148.236885,	32284.1
15:38:11.80,	05:06:10,	-34.6200768333,	148.236787,	32203.4
15:38:12.80,	05:06:11,	-34.620097,	148.236687167,	32123.4
15:38:13.80,	05:06:12,	-34.6201006667,	148.236605,	32042.7
15:38:14.79,	05:06:13,	-34.6200831667,	148.236531667,	31962.2
15:38:15.80,	05:06:14,	-34.6200688333,	148.236440833,	31881.9
15:38:16.79,	05:06:15,	-34.6200733333,	148.236341833,	31801.9
15:38:17.80,	05:06:16,	-34.6200806667,	148.2362785,	31721.4
15:38:18.80,	05:06:17,	-34.6200846667,	148.236249667,	31640.8
15:38:19.80,	05:06:18,	-34.6200831667,	148.236215333,	31561.0
15:38:20.80,	05:06:19,	-34.620091,	148.236162167,	31482.2
15:38:21.80,	05:06:20,	-34.6201158333,	148.236115667,	31402.6
15:38:22.80,	05:06:21,	-34.6201453333,	148.236088833,	31323.9
15:38:23.80,	05:06:22,	-34.6201566667,	148.236059333,	31245.8
15:38:24.80,	05:06:23,	-34.6201638333,	148.236009167,	31167.9
15:38:25.80,	05:06:24,	-34.6201955,	148.235956,	31090.7
15:38:26.80,	05:06:25,	-34.6202325,	148.235917333,	31013.6
15:38:27.80,	05:06:26,	-34.6202433333,	148.235883667,	30936.3
15:38:28.80,	05:06:27,	-34.6202465,	148.2358465,	30859.7
15:38:29.80,	05:06:28,	-34.6202696667,	148.235801167,	30783.6
15:38:30.80,	05:06:29,	-34.620314,	148.235751333,	30708.5
15:38:31.80,	05:06:30,	-34.6203771667,	148.235706667,	30634.2
15:38:32.80,	05:06:31,	-34.6204626667,	148.235682,	30560.3
15:38:33.80,	05:06:32,	-34.6205471667,	148.235683833,	30486.8
15:38:34.80,	05:06:33,	-34.6206086667,	148.235714333,	30413.8
15:38:35.80,	05:06:34,	-34.620638,	148.2357305,	30341.2
15:38:36.80,	05:06:35,	-34.620666,	148.235716833,	30269.0
15:38:37.79,	05:06:36,	-34.620712,	148.235708167,	30197.4
15:38:38.79,	05:06:37,	-34.6207461667,	148.235713333,	30126.1
15:38:39.80,	05:06:38,	-34.620765,	148.2357015,	30055.5
15:38:40.80,	05:06:39,	-34.6208026667,	148.235688667,	29985.3